<?xml version="1.0" encoding="ISO-8859-1"?>
<assembly>
    <!-- @version $Revision: 627 $ ($Author: skarzhevskyy $) $Date: 2007-07-06 02:12:01 +0000 (Fri, 06 Jul 2007) $ -->
    <id>sources</id>
    <formats>
        <format>tar.gz</format>
    </formats>
    <includeBaseDirectory>false</includeBaseDirectory>
    <fileSets>
        <fileSet>
            <directory>${basedir}/</directory>
            <outputDirectory>${artifactId}-${version}</outputDirectory>
            <useDefaultExcludes>true</useDefaultExcludes>
            <excludes>
                <exclude>target/**</exclude>
                <exclude>build/**</exclude>
                <exclude>src/main/resources/**</exclude>
                <exclude>src/main/c/intelbth/Win32/**</exclude>
                <exclude>src/main/c/intelbth/Pocket PC 2003 (ARMV4)/**</exclude>
                <exclude>src/main/c/intelbth/com*.h</exclude>
                <exclude>.settings/**</exclude>
                <exclude>**/*.log</exclude>
                <exclude>**/*.ncb</exclude>
                <exclude>**/*.opt</exclude>
                <exclude>**/*.plg</exclude>
                <exclude>**/*.user</exclude>
                <exclude>**/*.suar</exclude>
                <exclude>**/*.aps</exclude>
                <exclude>**/*.suo</exclude>
                <exclude>**/.*</exclude>
                <exclude>vc80.*</exclude>
            </excludes>
        </fileSet>
    </fileSets>
</assembly>