<?xml version="1.0" encoding="ISO-8859-1"?>
<assembly>
    <!-- @version $Revision: 281 $ ($Author: skarzhevskyy $) $Date: 2007-05-19 17:11:29 +0000 (Sat, 19 May 2007) $ -->
    <id>jar-filtered</id>
    <formats>
        <format>jar</format>
    </formats>
    <includeBaseDirectory>false</includeBaseDirectory>
    <fileSets>
        <fileSet>
            <directory>${basedir}/target/classes</directory>
            <useDefaultExcludes>true</useDefaultExcludes>
            <outputDirectory></outputDirectory>
            <excludes>
                <exclude>**/*.log</exclude>
                <exclude>**/.*</exclude>
                <exclude>com/ibm/**</exclude>
                <exclude>com/sun/cdc/io/ConnectionBaseInterface.class</exclude>
            </excludes>
        </fileSet>
    </fileSets>
</assembly>